mine_name,latitude,longitude,mine_type,resource_extracted,depth,killed,injured,temperature,humidity,wind_speed,weather_desc,AQI,CO,NO2,SO2,PM2.5,PM10,Slope_Angle,accident_year,accident_month,accident_weekday,Seismic_Magnitude,Seismic_Depth,hazard_type
Hatti gold Mines,16.197,76.66,underground ,Gold,300,0,1,28.09,33,few clouds,1.04,4,667.57,22.96,5.48,51.21,63.23,1.338807898266162,2019,10,2,4.3,35.761,Other
Bagdona-Chhatarpur mine ,22.13761,78.09978,underground,coal,300,3,0,25.87,42,overcast clouds,3.58,4,594.14,6.6,4.29,63.3,69.9,0.9274099368729608,2025,3,3,4.3,35.761,Mine Collapse
Manganese Ore India Limited,21.17647,79.05472,both,coal,300,2,1,27.16,37,few clouds,2.51,4,660.9,12.17,12.28,59.84,70.24,5.292862301669,2025,3,2,4.3,35.761,Mine Collapse
Oil India Limited: Pipeline HQ,26.17169,91.83494,underground,coal,300,1,0,23.29,44,broken clouds,1.08,5,1188.28,25.02,7.75,135.59,167.34,2.12246034166423,2025,1,1,4.3,212.165,Fire
Umrangso,25.5737,92.82166,opencast,coal,300,9,0,22.92,64,scattered clouds,1.69,5,560.76,4.67,2.92,82.97,92.94,5.05977038046654,2025,1,0,4.3,212.165,Flooding
Kankanee Colliery,23.79553,86.3306,opencast,coal,300,1,0,28.25,10,overcast clouds,0.71,4,647.54,10.54,8.94,58.34,79.64,2.026477182451464,2025,1,6,4.3,212.165,Fire
Khottadih colliery,23.7244,87.233,opencast,coal,300,1,0,27.85,48,scattered clouds,2.69,5,1241.68,27.76,19.55,108.81,136.22,2.744988360301538,2025,1,4,4.3,212.165,Other
Kakatiya Khani Opencast-III Mine,18.43426,79.8574,opencast,coal,300,1,0,28.58,46,few clouds,2.86,2,453.95,4.8,1.21,17.44,24.25,2.163109192601354,2025,1,3,4.3,212.165,Other
Gangaramchak Mining Private Limited colliery,23.81117,87.21068,opencast,coal,300,6,3,28.02,35,scattered clouds,2.39,4,814.44,11.31,6.44,72.86,98.33,3.176370503803132,2024,10,0,4.3,212.165,Other
Kabribad Reorganised   Mine,24.14983,86.30728,underground,coal,250,1,0,27.68,10,overcast clouds,2.72,4,580.79,7.28,7.99,57.41,75.97,7.101907054697524,2024,5,6,4.3,212.165,Other
Sawar Marble Mine,25.75031,75.21722,opencast, Dolomitic marble mine,300,1,0,24.71,34,clear sky,3.15,3,353.81,3.21,3.22,28.83,50.79,2.257541134187544,2024,4,2,4.3,35.761,Other
Sial Ghoghri coal mine,22.16081,78.70006,underground,coal,450,1,0,24.5,38,overcast clouds,1.27,4,527.38,4.67,3.07,61.13,65.99,2.727906511704626,2024,4,4,4.3,35.761,Other
No.1 pit of the No. 2   Colliery of ECL,23.68583,86.86097,opencast,coal,300,2,3,27.89,19,broken clouds,1.45,4,834.47,15.77,11.21,72.81,97.85,3.035580251075896,2024,4,1,4.3,212.165,Other
Sulebyle Building Stone   Quarry  at survey no. 1,14.22756,75.57778,opencast,stone quarry,150,1,0,24.64,71,broken clouds,2.62,2,270.37,2.21,0.26,13.03,16.19,0.0,2024,3,4,4.3,35.761,Gas Explosion
Mankhand GraniteMine,25.99633,75.28236,opencast,Granite,150,1,0,24.47,26,clear sky,2.67,3,370.5,4.24,3.1,29.81,51.91,3.46009077542619,2024,3,1,4.3,35.761,Other
Bharatpur Open Cast   Project Mine,20.96131,85.12378,opencast,coal,150,1,0,24.43,75,few clouds,2.82,3,534.06,6.34,1.82,31.15,39.92,3.704791833718337,2024,3,3,4.3,212.165,Other
Palaspani Manganese   Mine,21.84078,79.96272,both,Manganese,150,1,2,27.86,20,scattered clouds,2.48,4,567.44,4.84,2.62,58.41,62.61,0.9991103403734882,2024,3,2,4.3,35.761,Other
Kalyanikhani No. 1   incline Mine,18.47936,79.83914,both,coal,150,1,0,28.89,44,few clouds,2.43,2,453.95,4.8,1.21,17.44,24.25,3.905592188856691,2024,3,2,4.3,212.165,Other
Pahara Stone Mine,25.22514,80.76806,opencast,stone quarry,150,4,0,28.4,18,overcast clouds,0.96,4,614.17,6.51,2.24,67.18,72.05,14.50849694100888,2024,3,1,4.3,35.761,Mine Collapse
Garjanbahal Open Cast   Project Mine,22.02111,83.71389,opencast,coal,150,1,0,26.03,11,broken clouds,4.31,4,423.91,1.82,11.8,57.56,70.28,3.836752913449106,2024,3,5,4.3,212.165,Other
Churcha Mine,23.33417,82.52,underground,coal,150,1,0,24.3,14,overcast clouds,2.15,4,433.92,3.94,3.61,52.99,57.52,4.437008822765019,2024,3,2,4.3,212.165,Other
NMDC iron ore plant's   SP-3 mine,19.10697,82.16417,opencast,iron ore,150,4,0,25.17,43,clear sky,3.08,3,433.92,3.38,2.03,41.11,49.02,4.334122761482973,2024,2,2,4.3,212.165,Other
Abandoned open cast   mine ,22.0275,82.11242,opencast,coal,150,3,2,28.7,14,overcast clouds,2.93,4,534.06,3.98,3.76,64.54,68.93,3.836764611535392,2024,2,3,4.3,212.165,Mine Collapse
Granite Mine,24.80269,72.98569,opencast,Granite,150,3,1,24.64,11,clear sky,0.77,3,347.14,3.98,2.65,24.05,54.63,3.578149224254038,2024,2,2,4.3,35.761,Mine Collapse
Sri Someshwara   Properties  Pvt.Ltd.,13.02122,77.61969,opencast,coal,300,1,0,23.84,65,scattered clouds,2.85,2,393.87,8.48,7.39,19.01,22.94,4.227975673789809,2024,1,5,4.3,35.761,Gas Explosion
Rathole mining,25.90525,93.69633,opencast,coal,300,6,4,22.76,48,few clouds,0.88,5,667.57,3.04,2.0,94.86,106.65,1.030986937294904,2024,1,3,4.3,212.165,Gas Explosion
Daharra Stone Mine    ,24.75208,79.85311,opencast,stone quarry,150,1,0,27.32,27,broken clouds,1.87,4,574.11,2.79,1.0,66.17,69.13,2.961352627238548,2024,1,1,4.3,35.761,Other
Narayankuri colliery ,23.59672,87.09881,opencast,coal,300,3,10,27.41,51,few clouds,2.92,5,1255.04,19.54,10.73,123.69,152.39,1.854334168829563,2023,10,4,4.3,212.165,Mine Collapse
Mid West Granite Company,16.99381,80.05289,opencast,Granite,300,1,0,26.54,71,broken clouds,2.06,2,390.53,7.63,13.47,22.13,30.97,2.14901087545978,2023,9,2,4.3,212.165,Other
GDK-11 incline underground coal mine,18.6917,79.5494,underground,coal,300,1,0,29.58,44,broken clouds,1.31,2,607.49,13.54,6.62,21.68,33.57,4.721319377189308,2023,8,4,4.3,212.165,Mine Collapse
Lloyds Metals and Energy Limited,19.7704,79.8136,metallic,steelplant,200,3,3,30.53,39,broken clouds,1.82,3,453.95,4.54,1.74,40.77,46.3,2.94926177510507,2023,8,0,4.3,212.165,Other
Garjanbahal opencast mine ,21.99528,83.77389,opencast,coal,300,2,5,26.48,12,broken clouds,4.29,4,440.6,1.84,12.99,66.82,77.36,5.979978711666349,2023,4,2,4.3,212.165,Other
Rajgamar mine of SECL,22.3906,82.8244,opencast,coal,300,1,0,26.22,15,overcast clouds,1.79,4,507.36,9.0,20.98,58.24,66.05,1.854334168853263,2022,7,1,4.3,212.165,Other
Illegal mining site of Kaparsa Colliery,23.7585,86.7545,opencast,coal,300,3,0,28.2,11,overcast clouds,0.79,5,1001.36,22.62,16.93,81.69,112.2,10.84668611901161,2022,5,0,4.3,212.165,Mine Collapse
Illegal mine in Khadakwani,22.08444,75.46667,opencast,quarry,150,1,0,32.27,27,overcast clouds,1.99,3,427.25,4.03,7.63,26.39,30.98,2.780288515528755,2022,2,1,4.3,35.761,Mine Collapse
Coal mine in Shallang area of West Khasi Hills,25.56594,91.91069,opencast,coal,300,2,0,14.63,40,clear sky,1.5,5,534.06,3.17,5.78,87.94,103.42,7.653741859353187,2022,2,2,4.3,212.165,Other
Abandoned coal mine -  Gopinathpur Open Cast Project  ,23.78025,85.90556,opencast,coal,300,5,0,27.51,10,overcast clouds,1.68,4,580.79,7.2,5.66,54.77,70.45,19.99911620035707,2022,2,2,4.3,212.165,Other
Bhiwani mining site,28.799,76.1335,opencast,coal,300,5,2,23.24,10,clear sky,2.81,4,841.14,23.31,5.13,51.0,82.36,3.171948883089653,2022,1,6,4.3,35.761,Other
SRP-3 mine in Srirampur in Mancherial district,18.75,79.25,underground,coal,300,4,0,29.73,43,overcast clouds,1.28,2,480.65,7.03,2.33,15.48,25.49,1.348677678917681,2021,11,2,4.3,35.761,Mine Collapse
SRIRAMPUR NO.3 & 3 A,18.75,79.25,underground,coal,300,4,0,29.73,43,overcast clouds,1.28,2,480.65,7.03,2.33,15.48,25.49,1.348677678917681,2021,11,2,4.3,35.761,Mine Collapse
Mining site for quartz stone,27.70958,76.12653,opencast,quartz ,400,7,0,23.68,9,clear sky,1.6,3,647.54,15.42,5.84,42.68,73.23,0.9274099368611016,2021,8,2,4.3,35.761,Mine Collapse
Central Asset Mine- OCS Tengakhat,27.38511,95.16631,opencast,petroleum,600,1,0,24.48,37,overcast clouds,0.98,5,727.65,10.45,1.33,83.66,91.51,1.854334168853263,2021,7,4,4.3,212.165,Other
Rampura Agucha  Mine,25.84182,74.75449,metallic,zinc,450,2,0,23.61,22,clear sky,1.17,3,387.19,7.8,2.68,28.87,52.66,2.770752573411479,2021,6,0,4.3,35.761,Other
Sonepur Bazari Opencast Project Mine,23.68823,87.22376,opencast,coal,300,2,0,27.59,52,scattered clouds,2.77,5,1241.68,27.76,19.55,108.81,136.22,1.012721812570495,2021,6,2,4.3,212.165,Other
Kakatiya Khani  coalmine,18.43359,79.85858,underground,coal,300,2,0,28.58,46,few clouds,2.86,2,453.95,4.8,1.21,17.44,24.25,0.9274099368611016,2021,4,2,4.3,212.165,Mine Collapse
Moonidih Coal Project area ,23.73889,86.3475,underground,coal,300,2,0,28.48,10,overcast clouds,0.87,4,647.54,10.54,8.94,58.34,79.64,1.373364975658167,2021,2,2,4.3,212.165,Mine Collapse
Mathur quarry  ,13.24053,79.56719,opencast,stone quarry,300,1,2,23.81,83,scattered clouds,1.4,2,327.11,3.9,1.62,18.43,25.83,0.9527319005652068,2021,2,3,4.3,212.165,Other
Illegal mica mine ,23.80519,86.49897,metallic,mica,300,4,2,27.97,10,overcast clouds,0.17,4,627.52,8.48,7.99,58.97,80.95,24.7380600874929,2021,1,5,4.3,212.165,Mine Collapse
Illegal coal mines ,25.62325,91.86336,opencast,coal,300,6,0,16.57,39,clear sky,1.8,5,607.49,4.24,3.55,96.03,110.11,21.75503002744044,2021,1,3,4.3,212.165,Other
Khudiya Kadan mine ,23.77374,86.72969,opencast,stone quarry,300,2,2,28.4,10,overcast clouds,0.65,5,1001.36,22.62,16.93,81.69,112.2,2.112834618483633,2020,12,1,4.3,212.165,Flooding
Srirampur RK 5B underground mine ,18.88,79.50222,underground,coal,300,1,4,29.82,43,overcast clouds,0.86,2,500.68,15.25,17.88,17.49,26.85,2.947482510827522,2020,9,2,4.3,35.761,Other
Kusmunda OC Mine,22.255,82.70222,opencast,coal,300,1,0,26.47,15,overcast clouds,1.92,4,460.63,6.08,20.27,56.15,61.65,2.207391514122339,2020,7,3,4.3,212.165,Other
Kurasia Underground Mine,23.17849,82.36822,underground,coal,300,1,0,23.49,18,overcast clouds,0.27,4,600.82,6.26,1.13,68.65,73.94,5.35919407518148,2020,6,1,4.3,212.165,Other
Churcha Mine,23.33595,82.51961,opencast,coal,300,1,0,24.3,14,overcast clouds,2.15,4,433.92,3.94,3.61,52.99,57.52,3.434418407889364,2020,5,4,4.3,212.165,Other
Ananta Opencast Mine,20.95339,85.15342,opencast,coal,300,1,0,24.63,76,clear sky,2.67,3,534.06,6.34,1.82,31.15,39.92,3.834864237634739,2020,5,6,4.3,212.165,Other
Ramakrishnapur Opencast Project Mine,18.90306,79.46583,opencast,coal,300,1,0,29.93,43,overcast clouds,0.86,2,500.68,15.25,17.88,17.49,26.85,2.697155960471982,2020,1,4,4.3,35.761,Other
Granite Building Stone Quarry Mine,9.15103,76.78622,opencast,Granite,300,2,0,23.38,98,few clouds,0.26,3,847.82,23.65,7.87,41.39,56.98,2.078395176999502,2020,1,2,4.3,35.761,Other
Hirakund Bundia Mine,21.78183,83.91514,opencast,iron ore,300,0,1,24.87,17,scattered clouds,3.68,4,520.71,3.86,12.28,70.45,78.06,1.362771263725366,2020,1,1,4.3,212.165,Other
Ravindra Khani No. 6 Incline Mine,18.89081,79.50225,opencast,coal,300,1,0,29.77,43,overcast clouds,0.86,2,500.68,15.25,17.88,17.49,26.85,1.349273529529022,2019,12,0,4.3,35.761,Other
Mungoli Opencast Mine,20.05,78.95,opencast,coal,300,1,0,30.0,39,few clouds,1.49,4,620.84,8.4,4.11,70.82,80.86,5.974394877157449,2019,6,1,4.3,35.761,Other
Krishna Sai Granite Mine II,15.56144,79.92667,opencast,Granite,300,1,0,26.68,79,few clouds,1.69,2,277.04,0.71,0.24,18.97,28.0,2.941746952874391,2019,9,3,4.3,212.165,Other
Bharatpur Opencast Mine,20.96612,85.18492,opencast,coal,300,4,0,24.4,77,clear sky,2.87,3,534.06,6.34,1.82,31.15,39.92,3.414774378126485,2019,7,1,4.3,212.165,Other
BHUBANESWARI OPENCAST PROJECT,20.96612,85.18492,opencast,coal,300,4,0,24.4,77,clear sky,2.87,3,534.06,6.34,1.82,31.15,39.92,3.414774378126485,2019,7,1,4.3,212.165,Other
Bhubneshwari Colliery,20.96919,85.17644,opencast,coal,300,1,0,24.4,77,clear sky,2.87,3,534.06,6.34,1.82,31.15,39.92,0.9931727496754658,2019,6,3,4.3,212.165,Other
Dinesh Granite Mine,12.89403,77.76228,opencast,Granite,300,1,0,22.63,72,clear sky,2.47,2,383.85,7.54,6.91,14.73,18.26,3.979816631209909,2019,5,3,4.3,35.761,Other
Balram Opencast Mine,20.95083,85.10053,opencast,coal,300,1,0,24.59,73,few clouds,2.53,3,534.06,6.34,1.82,31.15,39.92,2.103171233860991,2019,5,1,4.3,212.165,Other
Balram OCP,20.95083,85.10053,opencast,coal,300,1,0,24.59,73,few clouds,2.53,3,534.06,6.34,1.82,31.15,39.92,2.103171233860991,2019,5,1,4.3,212.165,Other
Hutti Gold Mine,16.19694,76.66,opencast,gold,450,0,1,28.09,33,few clouds,1.04,4,667.57,22.96,5.48,51.21,63.23,1.338807898266162,2019,5,0,4.3,35.761,Other
Kalane Iron Ore Mine,15.76806,73.92583,opencast,iron ore,300,1,0,25.74,89,broken clouds,1.16,3,407.22,7.11,1.42,39.27,59.71,15.65370608856559,2019,4,2,4.3,35.761,Other
Kammaturu Iron Ore Mine,15.01106,76.58033,opencast,iron ore,300,1,0,25.25,50,overcast clouds,1.51,3,310.42,3.77,0.58,26.01,36.75,8.111685480213563,2019,4,5,4.3,35.761,Other
Balram Opencast Mine,20.95083,85.10053,opencast,coal,300,1,0,24.59,73,few clouds,2.53,3,534.06,6.34,1.82,31.15,39.92,2.103171233860991,2019,3,3,4.3,212.165,Other
Balram OCP,20.95083,85.10053,opencast,coal,300,1,0,24.59,73,few clouds,2.53,3,534.06,6.34,1.82,31.15,39.92,2.103171233860991,2019,3,3,4.3,212.165,Other
Muthurayaswamy Stone Crusher,12.72256,77.92197,opencast,stone quarry,300,1,1,22.72,76,clear sky,2.56,2,360.49,4.41,5.07,16.84,20.61,4.999491819519572,2019,3,2,5.9,36.7,Other
Gare Palma IV/4 Coal mine,22.1419,83.56049,opencast,coal,300,1,0,25.88,11,broken clouds,3.48,4,413.9,3.9,25.99,53.94,68.2,6.824036225159549,2019,2,0,5.9,36.7,Other
Kalipahari Colliery,23.65,87.06667,opencast,coal,300,1,0,27.66,39,scattered clouds,2.61,5,1001.36,23.31,11.21,79.99,105.96,2.1123751727227,2019,2,5,5.9,36.7,Other
Midwest Granite Mine,17.41311,78.43131,opencast,Granite,300,1,0,26.36,57,scattered clouds,3.68,2,420.57,9.0,9.3,13.29,20.33,6.257699880458954,2019,2,4,5.9,36.7,Other
Khottadih Colliery,23.72556,87.23861,opencast,coal,300,1,0,27.85,48,scattered clouds,2.69,5,1241.68,27.76,19.55,108.81,136.22,2.958543091464265,2019,2,0,5.9,36.7,Other
Illegal rat-hole coal mine,25.40003,91.95011,opencast,coal,300,17,5,17.53,39,few clouds,1.57,5,534.06,3.17,5.78,87.94,103.42,29.45793042903182,2018,12,3,5.9,36.7,Flooding
Kumda 7&8 Inclines Mine ,23.23647,82.9985,underground,coal,300,2,1,24.09,14,overcast clouds,2.52,4,453.95,17.65,25.99,70.32,80.11,1.370526097537869,2018,11,4,5.9,36.7,Other
Lingaraj Opencast Project,20.96067,85.20072,opencast,coal,300,1,1,24.4,77,clear sky,2.87,2,433.92,4.46,1.55,23.73,32.21,3.414733787697019,2018,10,2,5.9,36.7,Other
Jharia Underground Mine ,23.73333,86.41667,underground,coal,300,1,0,28.57,10,overcast clouds,0.67,5,921.25,22.28,14.78,76.08,103.85,8.103832257161066,2018,10,2,5.9,36.7,Other
Dhori Khas Colliery ,23.78006,86.01344,opencast,coal,300,1,0,27.34,10,overcast clouds,1.54,4,580.79,6.94,6.56,54.83,71.92,9.528231042933552,2018,9,4,5.9,36.7,Other
Kulda OCP ,22.03292,83.74975,opencast,coal,300,1,1,26.74,11,broken clouds,4.22,4,423.91,1.82,11.8,57.56,70.28,3.138571392119257,2018,9,0,5.9,36.7,Other
Koyagudem Opencast Mine -1 ,17.6256,80.4867,opencast,coal,300,1,0,27.77,62,overcast clouds,2.12,2,347.14,5.66,13.35,24.6,34.42,2.093829758481542,2018,9,6,5.9,36.7,Other
Garjanbahal OCP .,22.0345,83.7427,opencast,coal,300,1,0,26.74,11,broken clouds,4.22,4,423.91,1.82,11.8,57.56,70.28,10.96568899340033,2018,9,5,5.9,36.7,Other
Bharatpur Opencast Mine ,20.94433,85.10892,opencast,coal,300,1,0,24.48,74,few clouds,2.61,3,534.06,6.34,1.82,31.15,39.92,2.191029497602462,2018,8,4,5.9,36.7,Other
Koyla Colliery ,23.80633,86.46342,underground,coal,300,1,0,28.17,10,overcast clouds,0.27,4,627.52,8.48,7.99,58.97,80.95,2.745927817034195,2018,8,2,5.9,36.7,Other
Peddapuram Granite Mine ,17.0757,82.136,opencast,Granite,300,1,3,25.43,76,broken clouds,0.71,3,500.68,11.48,4.23,27.66,41.94,0.970170361185662,2018,8,4,5.9,36.7,Other
Tapin North OCP ,23.75,86.05,opencast,coal,300,4,7,27.58,10,overcast clouds,1.49,4,580.79,6.94,6.56,54.83,71.92,2.112746591543525,2018,7,5,5.9,36.7,Mine Collapse
Dhedwas Iron Ore and Associated Mineral   Mine ,25.3264,74.5383,opencast,iron ore,400,1,0,24.12,34,clear sky,2.66,3,393.87,6.0,3.34,30.8,52.38,14.51803429924273,2018,7,5,4.3,35.761,Other
BVL Exports Granite Mine ,15.37483,80.04317,opencast,Granite,300,1,0,27.22,78,broken clouds,2.68,2,280.38,0.48,0.21,16.43,23.92,1.33599259499459,2018,6,5,5.9,36.7,Other
Bagjata Mine of Uranium Corporation ,22.4686,86.4917,opencast,uranium,500,2,0,27.0,69,overcast clouds,0.96,5,988.01,38.73,30.04,88.0,112.82,4.00817415124377,2018,6,2,5.9,36.7,Other
Jamdiha Stone Mine ,23.90092,86.47175,opencast,stone quarry,150,1,4,27.86,10,overcast clouds,0.35,4,627.52,8.48,7.99,58.97,80.95,1.854334168829563,2018,6,4,5.9,36.7,Other
Birmitrapur Limestone & Dolomite   Mine,22.4074,84.7174,opencast,limestone,150,1,0,27.05,11,overcast clouds,2.68,4,527.38,2.72,5.01,56.44,67.22,4.111673174417836,2018,6,6,5.9,36.7,Other
KTK-OC-1 of Singareni Collieries   Company Ltd.,18.4661,79.8401,opencast,coal,250,1,0,28.67,45,few clouds,2.64,2,453.95,4.8,1.21,17.44,24.25,0.9777437930279405,2018,5,0,5.9,36.7,Other
Kanchan Opencast Mine ,23.36356,80.86111,opencast,coal,250,1,0,24.55,26,overcast clouds,1.4,4,540.73,5.91,2.21,56.5,63.78,5.899509825722134,2018,5,2,5.9,36.7,Other
Purnadih OCP ,23.70617,85.0,opencast,coal,250,1,0,24.11,11,overcast clouds,1.61,4,574.11,7.97,3.34,51.89,66.74,1.373177232676035,2018,4,3,5.9,36.7,Other
KSR Stone Quarry ,17.98342,83.36439,opencast,stone quarry,250,1,0,24.74,83,overcast clouds,1.61,2,387.19,22.28,12.52,20.93,31.13,3.830259550610284,2018,4,1,5.9,36.7,Other
Malanjkhand Copper Mine,22.00961,80.71349,opencast,copper,250,1,1,25.81,17,overcast clouds,1.82,3,460.63,4.28,1.68,36.09,39.38,7.444879586275347,2018,4,0,5.9,36.7,Other
Kalugotla Yellow Ocher Mine,15.5792,78.0267,opencast,Yellow ocher,250,2,0,25.72,66,broken clouds,5.33,3,310.42,1.69,3.55,30.95,39.99,10.79737022913658,2018,3,3,5.9,36.7,Other
Jagannath Colliery ,20.92447,85.14474,opencast,coal,250,1,0,24.42,75,clear sky,2.45,3,534.06,6.34,1.82,31.15,39.92,1.358509426601813,2018,3,5,5.9,36.7,Other
Ramagundam OC III Mine,18.6782,79.5406,opencast,coal,250,0,1,29.58,44,broken clouds,1.31,2,607.49,13.54,6.62,21.68,33.57,1.348375420941006,2018,3,2,5.9,36.7,Other
Amrapali OCP ,23.88948,85.00171,opencast,coal,250,1,0,23.2,11,broken clouds,1.27,4,560.76,3.98,3.55,51.97,65.71,4.452510054845717,2018,3,0,5.9,36.7,Other
Gevra Opencast Mine ,22.35,82.68,opencast,coal,250,1,0,26.68,15,overcast clouds,1.98,4,460.63,6.08,20.27,56.15,61.65,5.44744057292776,2018,3,2,5.9,36.7,Other
Lignite Mine - II ,11.45,79.58333,opencast,lignite,250,1,0,26.61,83,broken clouds,2.6,2,410.56,9.85,22.65,9.76,13.51,2.106740454782221,2018,3,4,5.9,36.7,Other
RG OC2 Mine ,17.44897,78.43753,opencast,coal,250,0,0,27.05,53,scattered clouds,3.88,2,420.57,9.0,9.3,13.29,20.33,3.390600690352059,2018,2,6,5.9,36.7,Other
Kalwan Masonry Stone Mine ,26.85825,75.75847,opencast,st,250,1,0,23.94,10,clear sky,3.68,3,647.54,21.08,12.64,40.95,69.74,0.9274099368611016,2018,2,1,4.3,35.761,Other
Gauti Expansion OC Mine ,19.7874,79.2972,opencast,coal,250,1,0,29.84,40,clear sky,1.66,3,520.71,12.68,16.21,37.79,46.07,3.096100205342771,2018,2,5,5.9,36.7,Other
GOURI EXPANSION AMALGAMATED MINE,19.7874,79.2972,opencast,coal,250,1,0,29.84,40,clear sky,1.66,3,520.71,12.68,16.21,37.79,46.07,3.096100205342771,2018,2,5,5.9,36.7,Other
Samleswari Opencast Mine ,21.80064,83.89331,opencast,coal,250,1,0,24.98,16,broken clouds,3.78,4,480.65,2.7,11.21,70.68,78.74,0.9988330978435002,2018,2,3,5.9,36.7,Other
East Coast Ball Clay Mine ,14.02,79.31839,opencast,ball clay,250,1,0,25.02,86,clear sky,1.28,3,363.83,9.0,14.9,26.57,37.9,4.166288481721381,2018,2,1,5.9,36.7,Other
Manikpur Opencast Mine ,22.3217,82.7381,opencast,coal,250,1,0,26.44,15,overcast clouds,1.79,4,460.63,6.08,20.27,56.15,61.65,3.837308424760268,2018,2,4,5.9,36.7,Fire
Manuguru OCP,17.9312,80.8266,opencast,coal,250,1,1,27.67,67,broken clouds,2.04,2,337.12,5.27,7.33,21.53,29.6,3.458998524393501,2018,1,0,5.9,36.7,Other
Manuguru Opencast Mine,17.9312,80.8266,opencast,coal,250,1,1,27.67,67,broken clouds,2.04,2,337.12,5.27,7.33,21.53,29.6,3.458998524393501,2018,1,0,5.9,36.7,Other
Prakasham Khani Opencast Mine ,17.96017,80.77125,opencast,coal,250,0,1,27.65,66,broken clouds,2.08,3,333.79,3.26,9.66,27.76,36.32,3.459404249843731,2018,1,3,5.9,36.7,Other
Rewat Dungri Range Marble Mine  ,27.04536,74.697,opencast,marble,250,2,0,24.17,9,clear sky,3.77,3,447.27,11.82,3.25,30.95,58.0,0.9274099368611016,2018,1,1,4.3,35.761,Other
Godavari Khani 1 & 3 Incline Mine ,18.74114,79.52711,underground,coal,450,0,0,29.69,44,broken clouds,1.08,2,607.49,13.54,6.62,21.68,33.57,1.958076927545848,2018,1,5,5.9,36.7,Fire
Maheswari Manganese Mine,18.49625,83.31231,opencast,Manganese,250,2,2,25.36,82,broken clouds,0.33,3,627.52,21.94,7.75,40.17,54.09,1.347617425269342,2017,12,1,5.9,36.7,Other
Codli Iron Ore Mine,15.34067,74.12964,opencast,iron ore,250,1,0,25.95,84,broken clouds,0.9,3,574.11,13.2,2.59,43.48,63.0,6.050981194405473,2017,12,5,4.3,35.761,Other
Panchpatmali  Bauxite Mine,18.85647,83.02075,opencast,bauxite,250,1,1,21.38,75,few clouds,1.08,4,547.41,10.63,15.97,62.41,73.89,11.63500962422131,2017,11,2,5.9,36.7,Other
Phularitand Colliery,23.78208,86.22286,underground,coal,600,1,0,28.01,10,overcast clouds,1.12,4,647.54,10.54,8.94,58.34,79.64,2.228098737873313,2017,9,3,5.9,36.7,Other
GDK 7 LEP Mine,18.72889,79.51986,underground,coal,600,1,0,29.69,44,broken clouds,1.08,2,607.49,13.54,6.62,21.68,33.57,5.379488541211582,2017,8,5,5.9,36.7,Other
Massaro Ki Oberi Serpentine Mine,24.01292,73.68853,opencast,coal,600,1,0,27.89,9,clear sky,3.36,3,500.68,6.77,6.44,33.41,54.08,2.748317225179793,2017,7,2,4.3,35.761,Other
Ravindrakhani Newtech Mine,18.8958,79.4917,underground,coal,600,1,0,29.77,43,overcast clouds,0.86,2,500.68,15.25,17.88,17.49,26.85,2.697094630981675,2017,7,4,5.9,36.7,Other
Ravindrakhani No. 8 Incline Mine,18.8958,79.4917,underground,coal,600,1,0,29.77,43,overcast clouds,0.86,2,500.68,15.25,17.88,17.49,26.85,2.697094630981675,2017,7,4,5.9,36.7,Other
Srinivasa Stone Crusher Mine,15.9817,80.0384,opencast,stone quarry,150,1,0,25.81,80,scattered clouds,2.27,2,293.73,1.89,0.49,20.61,29.36,29.31582626222603,2017,7,3,5.9,36.7,Other
Ramagundam Opencast Mine ,18.6976,79.5352,opencast,coal,150,1,0,29.46,44,broken clouds,1.2,2,607.49,13.54,6.62,21.68,33.57,1.34845697043096,2017,6,4,5.9,36.7,Other
Gorumahisani Iron Ore Mine,22.3367,86.2742,opencast,iron ore,150,2,0,26.05,58,overcast clouds,1.29,5,1174.93,45.93,82.02,89.42,103.35,4.090759101087982,2017,5,3,5.9,36.7,Other
Srinivasa Granite Mine,16.05447,80.01447,opencast,Granite,150,3,0,25.63,80,scattered clouds,2.25,2,313.76,2.96,0.77,20.31,29.25,0.96504178858448,2017,5,1,5.9,36.7,Other
Ravindrakhani Newtech Mine,18.8958,79.4917,underground,coal,450,1,1,29.77,43,overcast clouds,0.86,2,500.68,15.25,17.88,17.49,26.85,2.697094630981675,2017,5,2,5.9,36.7,Other
Ravindrakhani No. 8 Incline Mine,18.8958,79.4917,underground,coal,450,1,1,29.77,43,overcast clouds,0.86,2,500.68,15.25,17.88,17.49,26.85,2.697094630981675,2017,5,2,5.9,36.7,Other
Baround Opencast Mine,18.84414,79.49714,opencast,coal,150,1,0,29.86,43,overcast clouds,0.89,2,500.68,15.25,17.88,17.49,26.85,3.913978145997291,2017,4,2,5.9,36.7,Other
Bhurkunda  Colliery,23.7461,85.5831,opencast,coal,150,1,0,26.34,10,overcast clouds,2.06,4,567.44,7.45,4.41,51.85,68.37,4.785132365119876,2017,4,2,5.9,36.7,Other
Gouthamkhani Opencast Mine,17.2615,80.3738,opencast,coal,150,1,0,27.37,67,overcast clouds,2.95,2,377.18,9.43,11.09,20.93,30.02,3.054863482046456,2017,4,6,5.9,36.7,Other
Nawada-Purnadih Stone Mine,24.87889,85.54136,opencast,coal,150,1,0,25.78,10,clear sky,2.21,4,787.74,9.68,16.45,73.45,89.31,3.064178110269372,2017,4,5,5.9,36.7,Other
Pavitra Dharati Stone Quarry,22.68733,74.7705,opencast,stone quarry,100,1,0,28.73,29,few clouds,4.05,3,473.98,3.0,2.35,37.25,41.68,10.31774520968301,2017,3,0,4.3,35.761,Other
Ostapal Chromite Mine,21.0574,85.7895,opencast,chromite,150,1,0,24.52,70,clear sky,1.21,3,500.68,6.86,3.22,27.4,36.56,4.071366718417833,2017,1,1,5.9,36.7,Mine Collapse
Chikla Manganese Mine,21.55086,79.75128,opencast,Manganese,150,1,0,26.82,24,few clouds,1.39,4,507.36,3.17,2.8,50.89,54.7,2.721664738316103,2017,1,4,5.9,36.7,Other
Mehsana Drilling Mine,23.56475,72.37158,opencast,oil/gas,150,1,0,27.85,12,clear sky,2.94,3,467.3,10.8,4.59,28.59,59.77,2.780288515528755,2017,1,3,4.3,35.761,Other
Kaniha Opencast Mine,21.07881,85.04097,opencast,coal,150,1,0,24.57,73,few clouds,2.99,3,447.27,5.57,3.13,27.63,35.76,4.378896419866225,2017,1,2,5.9,36.7,Other
Dudhichua Opencast Project,24.1167,82.7167,opencast,coal,150,1,0,23.49,16,scattered clouds,1.37,4,540.73,5.1,1.97,51.74,56.15,2.031525425353211,2017,1,1,5.9,36.7,Other
Lalmatia open cast coal mine ,24.4167,87.5167,opencast,coal,150,17,2,27.16,9,broken clouds,1.47,5,794.41,9.85,9.78,82.06,104.56,6.864003944199335,2016,12,3,5.9,36.7,Other
Prakasham Khani Opencast Mine,17.968,80.78561,opencast,stone quarry,150,1,0,27.65,66,broken clouds,2.08,3,333.79,3.26,9.66,27.76,36.32,1.949337924507627,2016,12,0,5.9,36.7,Other
Bharatpur Opencast Project,20.9575,85.1289,opencast,coal,150,1,0,24.48,74,few clouds,2.61,3,534.06,6.34,1.82,31.15,39.92,16.09382063731574,2016,12,4,5.9,36.7,Other
Vindya Underground Mine,23.33581,80.90575,underground,coal,300,1,0,24.62,26,overcast clouds,1.23,4,540.73,5.91,2.21,56.5,63.78,2.780288515528755,2016,11,5,5.9,36.7,Other
Pali Underground Mine,22.3775,82.3255,underground,coal,300,1,0,27.32,17,overcast clouds,2.32,4,473.98,1.8,3.99,62.72,66.19,0.0,2016,11,0,5.9,36.7,Other
Manuguru OCP,17.9312,80.8266,opencast,coal,150,2,0,27.67,67,broken clouds,2.04,2,337.12,5.27,7.33,21.53,29.6,3.458998524393501,2016,4,0,5.9,36.7,Fire
Manuguru Opencast Mine,17.9312,80.8266,opencast,coal,150,2,0,27.67,67,broken clouds,2.04,2,337.12,5.27,7.33,21.53,29.6,3.458998524393501,2016,4,0,5.9,36.7,Fire
Shanthi Khani Coal Mine,19.0444,79.5178,underground,coal,300,3,1,29.51,43,overcast clouds,1.25,2,387.19,10.45,6.74,13.03,20.41,3.083271938038183,2016,4,2,5.9,36.7,Other
SHANKARPUR,21.63915,87.57412,opencast,coal,150,1,0,25.91,84,broken clouds,4.27,2,327.11,1.95,0.7,12.02,19.39,0.9274099368611016,2015,12,5,5.9,36.7,Mine Collapse
AMLOHRI OCP,24.125,82.5994,opencast,coal,150,1,0,22.9,15,broken clouds,1.03,4,520.71,3.77,2.09,59.5,63.84,21.55062615475973,2015,12,5,5.9,36.7,Other
GELEKI PRODUCTION OIL MINE,26.817,94.7,underground,petroleum,700,1,0,23.17,45,broken clouds,1.64,5,1054.76,16.97,2.3,112.98,130.89,2.077610755637687,2015,12,4,5.9,36.7,Other
RAMPURA AGUCHA LEAD & ZINC OPEN   CAST MIN,25.833,74.733,opencast,lead,150,1,0,23.61,22,clear sky,1.17,3,387.19,7.8,2.68,28.87,52.66,2.121016089592423,2015,12,0,4.3,35.761,Other
SOHAGPUR WEST,23.2386,81.2861,opencast,coal,150,1,0,23.52,26,broken clouds,1.33,4,614.17,7.37,1.89,65.29,73.07,5.898869220758116,2015,12,1,5.9,36.7,Other
AMALGAMATED KESHALPUR-WEST MUDIDIH,23.80444,86.318,opencast,coal,150,1,0,28.1,10,overcast clouds,0.85,4,554.09,6.68,7.39,53.4,72.45,2.958752796327834,2015,12,5,5.9,36.7,Other
TANDSI 1/2 COLLIERY,21.573,78.921,underground,coal,300,1,0,28.18,34,broken clouds,0.59,4,567.44,3.94,4.35,63.73,68.92,4.079001090092752,2015,12,3,4.3,35.761,Other
PRAKASHAM KHANI OPENCAST MINE,18.436,79.938,opencast,coal,150,1,0,28.08,47,few clouds,2.63,2,453.95,4.8,1.21,17.44,24.25,0.977573032232488,2015,11,0,5.9,36.7,Other
MIDWEST GRANITE MINE,15.9129,79.74,opencast,Granite,150,1,0,26.47,77,clear sky,2.13,2,293.73,1.82,0.4,20.54,29.24,2.942290479419107,2015,11,6,5.9,36.7,Other
KAYAD UNDERGROUND MINE,26.283,74.733,underground,zinc,150,1,0,23.85,11,clear sky,2.85,3,370.5,5.23,3.13,28.67,54.64,2.122941809134014,2015,11,5,4.3,35.761,Other
CHURCHA WEST,23.14,82.587,both,coal,800,1,0,24.83,14,overcast clouds,1.19,4,487.33,7.97,10.13,55.72,61.06,3.704791833671086,2015,11,3,5.9,36.7,Other
BHARATPUR PROJECT,20.92507,85.13267,opencast,coal,300,1,0,24.43,74,clear sky,2.36,3,534.06,6.34,1.82,31.15,39.92,1.358513459816457,2015,11,6,5.9,36.7,Other
MOHANPUR,21.83238,87.38921,opencast,coal,300,1,0,24.48,90,few clouds,3.16,2,387.19,3.9,1.77,14.37,23.04,1.363028160379932,2015,11,5,5.9,36.7,Other
KHAS KAJORA,23.62797,87.19496,opencast,iron ore,300,1,0,27.21,56,few clouds,2.89,5,1001.36,23.31,11.21,79.99,105.96,2.225925765805473,2015,11,3,5.9,36.7,Other
TANTRA-RAIKELA & BANDHAL IRON   MINE,21.945,85.147,opencast,iron ore,300,1,0,25.2,57,overcast clouds,1.28,5,1134.87,40.44,61.99,127.7,139.05,8.128218116052919,2015,11,6,5.9,36.7,Other
Thoria Marble Mine,25.076,73.88,opencast,marble,300,1,0,23.83,12,clear sky,2.87,3,380.52,6.08,5.07,31.11,53.69,0.9274099368729608,2015,10,5,4.3,35.761,Other
JEENAGORA,23.785,86.182,opencast,marble,300,1,0,27.89,10,overcast clouds,1.24,4,580.79,6.94,6.56,54.83,71.92,2.112877123896765,2015,10,4,5.9,36.7,Other
ARASU I MAGNESITE MINE,11.437,78.167,opencast,Manganese,300,1,0,25.5,81,broken clouds,1.88,1,390.53,7.45,7.63,7.47,9.63,1.854334168829563,2015,10,2,5.9,36.7,Other
P.B.PROJECT,23.66,85.596,opencast,coal,300,1,0,26.72,10,overcast clouds,2.03,4,567.44,7.45,4.41,51.85,68.37,3.437331074909611,2015,10,1,5.9,36.7,Other
KARANKOTE LIMESTONE MINE,17.487,77.591,opencast,limestone,300,1,0,26.69,42,clear sky,2.09,2,447.27,6.6,8.7,16.62,23.28,2.914777176792193,2015,10,0,4.3,35.761,Other
CHECHAT LIMESTONE MINE ,24.885,75.985,opencast,limestone,300,1,0,26.49,33,scattered clouds,1.67,4,727.65,13.37,10.49,51.69,73.09,2.758719907176799,2015,10,5,4.3,35.761,Other
Red Hills Magnesite Mine,11.451,78.167,opencast,Manganese,300,1,0,25.5,81,broken clouds,1.88,1,390.53,7.45,7.63,7.47,9.63,1.324820948476014,2015,10,3,5.9,36.7,Other
JHANJHAR MARBLE MINE ,25.19,73.687,opencast,marble,300,1,0,23.12,11,clear sky,0.7,3,377.18,6.08,5.13,29.79,51.27,31.57449799082537,2015,10,0,4.3,35.761,Other
NEYVELI NO 1,11.53599,79.48244,opencast,coal,300,1,0,26.32,84,broken clouds,1.87,2,410.56,9.85,22.65,9.76,13.51,4.208832938183672,2015,10,5,5.9,36.7,Other
SAMLESWARI OCP,21.692,83.56,opencast,coal,300,1,0,26.78,20,broken clouds,3.37,4,453.95,2.72,20.74,70.67,80.29,0.0,2015,9,2,5.9,36.7,Other
Hutti Gold Mine,16.197,76.656,opencast,gold,300,1,0,28.09,33,few clouds,1.04,4,667.57,22.96,5.48,51.21,63.23,2.942740721585106,2015,9,2,4.3,35.761,Other
VEERBHADRA GRANITE MINE,25.156,73.509,opencast,Granite,300,1,0,25.52,11,clear sky,1.19,3,420.57,10.45,4.65,28.31,49.97,16.95869865377719,2015,9,1,4.3,35.761,Other
CHANDRIKA GRANITE MINE,25.171,73.524,opencast,Granite,300,1,0,25.5,11,clear sky,1.13,3,420.57,10.45,4.65,28.31,49.97,2.248542353189335,2015,9,0,4.3,35.761,Other
MOCHIA LEAD AND ZINK MINE,25.04,73.805,opencast,lead,300,1,0,24.23,11,clear sky,2.48,3,380.52,6.08,5.07,31.11,53.69,0.9274099368611016,2015,9,5,4.3,35.761,Other
MORWAD MARBLE MINE,26.30758,73.835,opencast,marble,300,1,0,25.81,10,clear sky,3.72,3,480.65,9.85,3.87,32.92,57.81,1.034538972874965,2015,9,5,4.3,35.761,Other
POOTKEE,23.667,86.432,opencast,coal,300,1,0,29.01,9,overcast clouds,1.2,5,921.25,22.28,14.78,76.08,103.85,2.112437948348783,2015,9,5,5.9,36.7,Other
KARO I,23.78518,85.9783,opencast,coal,300,1,0,27.4,10,overcast clouds,1.59,4,580.79,7.2,5.66,54.77,70.45,2.745682168558567,2015,8,3,5.9,36.7,Other
BILLI MARKUNDI STONE MINE,24.618,83.077,opencast,stone quarry,150,1,0,25.65,16,overcast clouds,1.33,4,447.27,2.74,2.15,53.64,57.37,10.46712982047835,2015,8,3,5.9,36.7,Other
BILLI MARKUNDI STONE   MINE,24.618,83.077,opencast,stone quarry,150,1,0,25.65,16,overcast clouds,1.33,4,447.27,2.74,2.15,53.64,57.37,10.46712982047835,2015,8,3,5.9,36.7,Other
KUSMUNDA OCP,22.367,23.74408,opencast,coal,300,1,0,19.97,13,clear sky,4.76,4,213.62,0.21,0.04,31.25,146.79,3.837393035131951,2015,8,2,4.6,89.848,Other
GODAVARI KHANI NO.1,18.76418,79.50465,underground,coal,800,1,0,29.81,43,overcast clouds,1.01,2,607.49,13.54,6.62,21.68,33.57,0.9794581817153872,2015,8,1,5.9,36.7,Other
"KUMARDIHI ""A""",23.666,87.077,underground,coal,800,1,0,27.68,38,scattered clouds,2.55,5,1001.36,23.31,11.21,79.99,105.96,3.554946734580559,2015,8,6,5.9,36.7,Other
TRIPURA DRILLING MINE,23.748,91.387,underground,petroleum,800,1,0,22.93,80,broken clouds,1.83,3,507.36,7.2,1.54,36.5,51.56,1.373417544525171,2015,8,6,5.9,36.7,Other
BILLI MARKUNDI STONE MINE,24.618,83.077,opencast,coal,300,1,0,25.65,16,overcast clouds,1.33,4,447.27,2.74,2.15,53.64,57.37,10.46712982047835,2015,8,1,5.9,36.7,Other
BILLI MARKUNDI STONE   MINE,24.618,83.077,opencast,coal,300,1,0,25.65,16,overcast clouds,1.33,4,447.27,2.74,2.15,53.64,57.37,10.46712982047835,2015,8,1,5.9,36.7,Other
DURGAPUR RAYATWARI,20.024,79.266,opencast,coal,300,1,0,29.84,40,scattered clouds,1.76,4,580.79,5.91,2.15,56.82,66.22,2.180281338797255,2015,8,4,5.9,36.7,Other
LIGNITE PROJECT TADKESHWAR,21.453,73.075,opencast,lignite,300,1,0,28.03,44,clear sky,2.38,3,754.36,26.39,31.47,48.7,77.06,0.9274099368729608,2015,8,3,4.3,35.761,Other
ROCP/SOUTH JHARIA,23.731,86.414,opencast,coal,300,1,0,28.57,10,overcast clouds,0.67,5,921.25,22.28,14.78,76.08,103.85,6.315201023684407,2015,8,2,5.9,36.7,Other
BARSUA IRON ORE MINE,21.968,85.217,opencast,iron ore,300,1,0,23.84,61,overcast clouds,1.41,5,774.38,35.64,66.76,112.4,122.82,5.506379985966587,2015,7,1,5.9,36.7,Other
MASARO KI OBERI SERPENTINE MINE,25.0,73.0,opencast,serpentine,300,1,0,23.57,12,clear sky,0.8,3,347.14,5.66,2.68,23.16,51.93,5.639973161596584,2015,7,1,4.3,35.761,Other
AGARIA MARBLE MINE,25.15,73.567,opencast,marble,300,1,0,24.79,11,clear sky,0.72,3,420.57,10.45,4.65,28.31,49.97,35.02567686274575,2015,7,1,4.3,35.761,Other
KUMARDHUBI,23.74211,86.77878,opencast,lignite,300,1,0,28.2,11,overcast clouds,0.79,5,1001.36,22.62,16.93,81.69,112.2,1.013140234780745,2015,6,6,5.9,36.7,Other
GURH LIGNITE OPENCAST MINE,27.874,72.872,opencast,lignite,300,1,0,26.11,8,clear sky,4.85,3,520.71,9.17,9.06,36.69,89.38,4.29013080164107,2015,6,6,4.3,35.761,Other
JAWAHAR KHANI OPENCAST,17.5783,80.3225,opencast,coal,300,1,0,27.07,65,overcast clouds,3.61,2,367.17,9.6,11.44,21.23,30.51,3.704791833671086,2015,6,4,5.9,36.7,Other
BILLI MARKUNDI STONE MINE,24.62103,83.04218,opencast,stone quarry,300,1,0,25.43,15,overcast clouds,1.32,4,447.27,2.74,2.15,53.64,57.37,18.7243775068473,2015,6,3,5.9,36.7,Other
BILLI MARKUNDI STONE,24.62103,83.04218,opencast,stone quarry,300,1,0,25.43,15,overcast clouds,1.32,4,447.27,2.74,2.15,53.64,57.37,18.7243775068473,2015,6,3,5.9,36.7,Other
BILLI MARKUNDI STONE   MINE,24.62103,83.04218,opencast,stone quarry,300,1,0,25.43,15,overcast clouds,1.32,4,447.27,2.74,2.15,53.64,57.37,18.7243775068473,2015,6,3,5.9,36.7,Other
SRIRAMPUR OCP,18.8178,79.5339,opencast,coal,300,1,0,29.78,43,overcast clouds,0.93,2,500.68,15.25,17.88,17.49,26.85,2.167095419509493,2015,6,2,5.9,36.7,Other
TAWA - II MINE,22.13762,78.17093,opencast,coal,300,1,0,25.63,44,overcast clouds,3.01,4,594.14,6.6,4.29,63.3,69.9,11.16511523493003,2015,6,6,4.3,35.761,Other
CHANDA RAYATWARI,19.95076,79.29523,opencast,coal,300,1,0,29.83,40,few clouds,1.81,3,614.17,10.97,9.66,47.8,55.53,1.972631589219275,2015,6,6,5.9,36.7,Other
DAMNI UG MINE,22.35833,82.70222,underground,coal,300,1,0,26.56,15,overcast clouds,1.87,4,460.63,6.08,20.27,56.15,61.65,4.110298806664822,2015,6,5,5.9,36.7,Other
KUSMUNDA OCP,23.2074,83.0056,opencast,coal,300,1,0,24.15,14,overcast clouds,2.49,4,460.63,21.59,30.04,64.63,76.84,5.465865596917493,2015,6,0,5.9,36.7,Other
KUMDA 7&8 INCLIE,23.23647,82.99839,underground,coal,300,1,0,24.09,14,overcast clouds,2.52,4,453.95,17.65,25.99,70.32,80.11,1.370526097537869,2015,6,5,5.9,36.7,Other
MEGHATUBURU IRON ORE MINE,22.10881,85.27872,opencast,iron ore,300,1,0,23.29,68,overcast clouds,1.38,5,787.74,9.0,45.3,139.02,151.64,7.879131870497147,2015,6,3,5.9,36.7,Other
SETHURAYANPUDUR LIMESTONE MINE,8.78194,77.65411,opencast,limestone,300,1,0,27.55,71,overcast clouds,1.51,3,907.9,28.79,5.07,27.81,37.62,2.092706495346619,2015,5,4,5.9,36.7,Other
KHETRI COPPER MINE,28.015,75.77556,opencast,copper,300,1,0,22.06,9,clear sky,2.52,3,534.06,10.8,5.36,40.28,64.83,6.97249503711485,2015,5,5,4.3,35.761,Other
DALLI MECHANISED IRON ORE MINE,20.58261,81.07147,opencast,coal,300,1,0,25.99,48,scattered clouds,0.73,4,567.44,7.71,1.89,53.56,60.04,5.026814073743664,2015,5,2,5.9,36.7,Other
BONJAMEHARI,20.57086,81.02151,underground,coal,800,1,0,26.14,48,scattered clouds,0.66,4,567.44,7.71,1.89,53.56,60.04,7.495930606418758,2015,5,6,5.9,36.7,Other
MORWAD MARBLE MINE,26.60467,74.85147,opencast,marble,450,1,0,23.49,10,clear sky,2.67,3,447.27,10.45,3.28,31.32,60.8,0.9274099368611016,2015,5,5,4.3,35.761,Other
UMARSAR LIGNITE MINE,23.73147,68.81922,opencast,lignite,450,1,0,25.58,69,clear sky,4.59,2,226.97,0.53,0.54,16.85,44.61,2.112677294764244,2015,4,4,4.3,35.761,Other
NIZARNA MARBLE MINE,25.01033,73.85236,opencast,marble,450,1,0,24.0,11,clear sky,2.94,3,380.52,6.08,5.07,31.11,53.69,0.9274099368611016,2015,4,3,4.3,35.761,Other
ANKLESWAR PROJECT OIL MINE,21.63514,73.00033,opencast,coal,450,2,0,27.83,47,clear sky,3.1,3,614.17,15.59,5.48,41.07,60.6,2.105358959329957,2015,4,5,4.3,35.761,Other
UMRAYA MARBLE MINE,25.15131,73.84222,opencast,marble,450,1,0,23.56,11,clear sky,2.19,3,380.52,6.08,5.07,31.11,53.69,3.207440535450368,2015,4,3,4.3,35.761,Other
CHIRIMIRI OC,23.17667,82.33889,opencast,coal,450,1,0,23.49,18,overcast clouds,0.27,4,600.82,6.26,1.13,68.65,73.94,24.29775744808451,2015,4,1,5.9,36.7,Other
SRP-3 mine in Srirampur in Mancherial district,18.75,79.25,underground,coal,450,1,0,29.73,43,overcast clouds,1.28,2,480.65,7.03,2.33,15.48,25.49,1.348677678917681,2015,4,0,5.9,36.7,Other
SRIRAMPUR NO.3 & 3 A,18.75,79.25,underground,coal,450,1,0,29.73,43,overcast clouds,1.28,2,480.65,7.03,2.33,15.48,25.49,1.348677678917681,2015,4,0,5.9,36.7,Other
GOURI EXPANSION AMALGAMATED MINE,19.79556,79.30333,opencast,coal,450,1,12,29.84,40,clear sky,1.66,3,520.71,12.68,16.21,37.79,46.07,2.099688914692349,2015,4,4,5.9,36.7,Other
DHELANA SERPENTINE MINE,25.01736,74.15042,opencast,serpentine,450,1,0,22.8,15,clear sky,1.63,3,387.19,7.37,4.05,31.52,52.81,7.186491197801569,2015,3,0,4.3,35.761,Other
ARDHAGRAM OPENCAST COAL MINE,23.5875,87.08583,opencast,coal,450,1,0,27.41,51,few clouds,2.92,5,1255.04,19.54,10.73,123.69,152.39,4.145830128742221,2015,3,4,5.9,36.7,Other
NCPH/NCPH,23.19444,82.34889,underground,coal,450,1,0,23.61,17,overcast clouds,0.48,4,600.82,6.26,1.13,68.65,73.94,6.541805711410445,2015,3,1,5.9,36.7,Other
SHYAMSUNDARPUR,20.44719,85.79178,opencast,Manganese,450,1,0,24.07,87,broken clouds,1.81,2,397.21,3.9,0.83,17.37,24.95,1.854334168829563,2015,3,3,5.9,36.7,Other
ASAHI INDIA GLASS LTD.,25.50192,87.01236,opencast,silica,450,1,0,25.75,8,clear sky,3.92,5,1228.33,20.22,18.12,126.76,156.47,2.766401995722074,2015,3,1,5.9,36.7,Other
BASANTIMATA,23.72974,86.75787,underground,coal,450,1,0,28.2,11,overcast clouds,0.79,5,1001.36,22.62,16.93,81.69,112.2,2.745048732226612,2015,3,6,5.9,36.7,Other
VENKATESH KHANI NO.7,17.45194,80.69167,underground,coal,450,1,0,27.23,68,overcast clouds,3.39,3,337.12,9.51,19.55,25.46,35.46,1.854334168829563,2015,2,5,5.9,36.7,Other
SETHURAYANPUDUR LIMESTONE MINE,8.78442,77.65506,opencast,limestone,450,1,0,27.55,71,overcast clouds,1.51,3,907.9,28.79,5.07,27.81,37.62,2.092717824687653,2015,2,3,5.9,36.7,Other
BILLI MARKUNDI STONE MINE,24.62103,83.04218,opencast,stone quarry,450,1,0,25.43,15,overcast clouds,1.32,4,447.27,2.74,2.15,53.64,57.37,18.7243775068473,2015,2,2,5.9,36.7,Other
BILLI MARKUNDI STONE,24.62103,83.04218,opencast,stone quarry,450,1,0,25.43,15,overcast clouds,1.32,4,447.27,2.74,2.15,53.64,57.37,18.7243775068473,2015,2,2,5.9,36.7,Other
BILLI MARKUNDI STONE   MINE,24.62103,83.04218,opencast,stone quarry,450,1,0,25.43,15,overcast clouds,1.32,4,447.27,2.74,2.15,53.64,57.37,18.7243775068473,2015,2,2,5.9,36.7,Other
Gauti Expansion OC Mine ,19.7874,79.2972,opencast,coal,450,1,0,29.84,40,clear sky,1.66,3,520.71,12.68,16.21,37.79,46.07,3.096100205342771,2015,2,0,5.9,36.7,Other
GOURI EXPANSION AMALGAMATED MINE,19.7874,79.2972,opencast,coal,450,1,0,29.84,40,clear sky,1.66,3,520.71,12.68,16.21,37.79,46.07,3.096100205342771,2015,2,0,5.9,36.7,Other
MASARO KI OBERI SERPENTINE MINE,24.01361,73.68853,opencast,marble,450,1,0,27.89,9,clear sky,3.36,3,500.68,6.77,6.44,33.41,54.08,3.561886156300927,2015,2,6,4.3,35.761,Other
BALAKUNDI PINK GRANITE MINE,15.0,76.0,opencast,Granite,450,1,0,25.38,67,overcast clouds,4.54,2,277.04,2.29,0.42,20.19,30.09,3.704791833671086,2015,2,4,4.3,35.761,Other
SUBBRAYANAHALLI IRON ORE MINE,15.23475,76.39847,opencast,chromite,450,1,0,27.27,61,overcast clouds,3.7,3,303.75,3.43,0.89,27.84,38.48,9.3149761201649,2015,2,3,4.3,35.761,Other
AKASHKINARI,23.8085,86.28461,opencast,coal,450,1,0,28.03,10,overcast clouds,0.97,4,554.09,6.68,7.39,53.4,72.45,2.745953356571008,2015,1,5,5.9,36.7,Other
BAGDEWA U/G MINE,22.34167,82.56778,opencast,coal,450,1,0,26.72,15,overcast clouds,2.49,4,440.6,3.56,17.17,57.62,61.67,7.044651245885611,2015,1,4,5.9,36.7,Other
KHOTTADIH,23.72476,87.23845,opencast,coal,450,1,0,27.85,48,scattered clouds,2.69,5,1241.68,27.76,19.55,108.81,136.22,6.056005099534335,2015,1,3,5.9,36.7,Other
DURGAPUR RAYATWARI,20.01414,79.31053,opencast,coal,450,1,0,30.04,40,scattered clouds,1.69,4,580.79,5.91,2.15,56.82,66.22,1.354225714093352,2015,1,5,5.9,36.7,Other
RAVINDRA KHANI NEW TECH,18.88811,79.50167,underground,coal,450,1,0,29.77,43,overcast clouds,0.86,2,500.68,15.25,17.88,17.49,26.85,2.697028616218266,2015,1,6,5.9,36.7,Other
CHIKLA MANGANESE MINE,21.54306,79.75389,underground,Manganese,450,1,0,26.82,24,few clouds,1.39,4,507.36,3.17,2.8,50.89,54.7,20.13333484299973,2015,1,2,5.9,36.7,Other
MOHER & MOHER AMLOHRI EXTENSION   OCP,24.135,82.59944,opencast,coal,450,2,0,22.9,15,broken clouds,1.03,4,520.71,3.77,2.09,59.5,63.84,13.10464423699013,2015,1,0,5.9,36.7,Other
JHANJHAR MARBLE MINE,25.14689,73.79036,opencast,stone quarry,450,1,0,23.49,11,clear sky,1.92,3,377.18,6.08,5.13,29.79,51.27,4.627367505919335,2015,1,2,4.3,35.761,Other
KARGALI OCP,23.76889,85.97167,opencast,coal,450,1,0,27.4,10,overcast clouds,1.59,4,580.79,7.2,5.66,54.77,70.45,2.112817003004156,2015,1,0,5.9,36.7,Other
CHECHAT LIMESTONE MINE,24.76667,75.88333,opencast,limestone,450,1,0,26.22,36,few clouds,1.38,4,634.19,10.11,7.27,56.19,67.17,1.021333580448115,2015,1,0,4.3,35.761,Other
BILLI MARKUNDI STONE MINE,24.62103,83.04218,opencast,stone quarry,450,1,0,25.43,15,overcast clouds,1.32,4,447.27,2.74,2.15,53.64,57.37,18.7243775068473,2015,1,5,5.9,36.7,Other
BILLI MARKUNDI STONE,24.62103,83.04218,opencast,stone quarry,450,1,0,25.43,15,overcast clouds,1.32,4,447.27,2.74,2.15,53.64,57.37,18.7243775068473,2015,1,5,5.9,36.7,Other
BILLI MARKUNDI STONE   MINE,24.62103,83.04218,opencast,stone quarry,450,1,0,25.43,15,overcast clouds,1.32,4,447.27,2.74,2.15,53.64,57.37,18.7243775068473,2015,1,5,5.9,36.7,Other
Bharatpur Opencast Mine,20.96612,85.18492,opencast,coal,450,1,0,24.4,77,clear sky,2.87,3,534.06,6.34,1.82,31.15,39.92,3.414774378126485,2015,1,4,5.9,36.7,Other
BHUBANESWARI OPENCAST PROJECT,20.96612,85.18492,opencast,coal,450,1,0,24.4,77,clear sky,2.87,3,534.06,6.34,1.82,31.15,39.92,3.414774378126485,2015,1,4,5.9,36.7,Other
GIDI A,23.69087,85.36412,opencast,coal,450,1,0,25.94,11,overcast clouds,2.01,4,574.11,8.82,3.82,50.92,68.14,2.226812248521277,2015,1,3,5.9,36.7,Other
Basanti mata mine,23.7308,86.7561,underground,coal,900,4,160,28.2,11,overcast clouds,0.79,5,1001.36,22.62,16.93,81.69,112.2,3.174581370352306,2013,11,0,5.9,36.7,Mine Collapse
Anjani Hill Mine ,23.16678,82.32158,underground,coal,900,3,30,23.38,18,overcast clouds,0.29,4,600.82,6.26,1.13,68.65,73.94,5.898504181673025,2010,5,3,5.9,36.7,Other
Bagdigi mine ,23.70894,86.43161,underground,coal,900,29,0,28.74,10,overcast clouds,0.76,5,921.25,22.28,14.78,76.08,103.85,2.227066668279512,2001,2,4,5.9,36.7,Mine Collapse
Gajlitand colliery ,24.12431,86.86092,underground,coal,900,64,0,28.2,10,overcast clouds,0.37,4,707.63,11.65,7.99,69.34,90.71,2.749617049895467,1975,12,5,5.9,36.7,Flooding
Chasnala coal mine ,23.6635,86.4516,underground,coal,900,372,0,29.01,9,overcast clouds,1.2,5,921.25,22.28,14.78,76.08,103.85,3.035065057460008,1975,12,5,5.9,36.7,Gas Explosion
